[
{
  "model": "towns.town",
  "pk": 3,
  "fields": {
    "name": "Київ"
  }
},
{
  "model": "towns.town",
  "pk": 6,
  "fields": {
    "name": "Бухарест"
  }
},
{
  "model": "towns.town",
  "pk": 8,
  "fields": {
    "name": "Львів"
  }
},
{
  "model": "towns.town",
  "pk": 9,
  "fields": {
    "name": "Варшава"
  }
},
{
  "model": "towns.town",
  "pk": 11,
  "fields": {
    "name": "Катовіце"
  }
},
{
  "model": "towns.town",
  "pk": 12,
  "fields": {
    "name": "Париж"
  }
},
{
  "model": "towns.town",
  "pk": 13,
  "fields": {
    "name": "Мадрид"
  }
},
{
  "model": "towns.town",
  "pk": 14,
  "fields": {
    "name": "Лондон"
  }
},
{
  "model": "towns.town",
  "pk": 15,
  "fields": {
    "name": "Івано-Франківськ"
  }
},
{
  "model": "towns.town",
  "pk": 16,
  "fields": {
    "name": "Рим"
  }
},
{
  "model": "towns.town",
  "pk": 17,
  "fields": {
    "name": "Бремен"
  }
},
{
  "model": "towns.town",
  "pk": 26,
  "fields": {
    "name": "Прага"
  }
},
{
  "model": "routes.route",
  "pk": 39,
  "fields": {
    "name": "test",
    "travel_times": 27,
    "from_town": 17,
    "to_town": 9,
    "buses": [
      25
    ]
  }
},
{
  "model": "routes.route",
  "pk": 41,
  "fields": {
    "name": "to Rome",
    "travel_times": 63,
    "from_town": 15,
    "to_town": 16,
    "buses": [
      3,
      17,
      23,
      4
    ]
  }
},
{
  "model": "routes.route",
  "pk": 42,
  "fields": {
    "name": "123",
    "travel_times": 154,
    "from_town": 6,
    "to_town": 13,
    "buses": [
      6,
      8,
      13,
      19,
      21
    ]
  }
},
{
  "model": "buses.bus",
  "pk": 1,
  "fields": {
    "name": "BR02",
    "travel_time": 7,
    "from_town": 9,
    "to_town": 15
  }
},
{
  "model": "buses.bus",
  "pk": 3,
  "fields": {
    "name": "BR01",
    "travel_time": 7,
    "from_town": 15,
    "to_town": 9
  }
},
{
  "model": "buses.bus",
  "pk": 4,
  "fields": {
    "name": "BR03",
    "travel_time": 24,
    "from_town": 13,
    "to_town": 16
  }
},
{
  "model": "buses.bus",
  "pk": 5,
  "fields": {
    "name": "BR04",
    "travel_time": 24,
    "from_town": 16,
    "to_town": 13
  }
},
{
  "model": "buses.bus",
  "pk": 6,
  "fields": {
    "name": "BR05",
    "travel_time": 8,
    "from_town": 8,
    "to_town": 11
  }
},
{
  "model": "buses.bus",
  "pk": 7,
  "fields": {
    "name": "BR06",
    "travel_time": 8,
    "from_town": 11,
    "to_town": 8
  }
},
{
  "model": "buses.bus",
  "pk": 8,
  "fields": {
    "name": "BR07",
    "travel_time": 14,
    "from_town": 6,
    "to_town": 12
  }
},
{
  "model": "buses.bus",
  "pk": 9,
  "fields": {
    "name": "BR08",
    "travel_time": 14,
    "from_town": 12,
    "to_town": 6
  }
},
{
  "model": "buses.bus",
  "pk": 10,
  "fields": {
    "name": "BR09",
    "travel_time": 15,
    "from_town": 14,
    "to_town": 17
  }
},
{
  "model": "buses.bus",
  "pk": 11,
  "fields": {
    "name": "BR10",
    "travel_time": 15,
    "from_town": 17,
    "to_town": 14
  }
},
{
  "model": "buses.bus",
  "pk": 12,
  "fields": {
    "name": "BR11",
    "travel_time": 32,
    "from_town": 15,
    "to_town": 16
  }
},
{
  "model": "buses.bus",
  "pk": 13,
  "fields": {
    "name": "BR12",
    "travel_time": 22,
    "from_town": 3,
    "to_town": 13
  }
},
{
  "model": "buses.bus",
  "pk": 14,
  "fields": {
    "name": "BR13",
    "travel_time": 18,
    "from_town": 8,
    "to_town": 17
  }
},
{
  "model": "buses.bus",
  "pk": 15,
  "fields": {
    "name": "BR14",
    "travel_time": 38,
    "from_town": 15,
    "to_town": 14
  }
},
{
  "model": "buses.bus",
  "pk": 16,
  "fields": {
    "name": "BR15",
    "travel_time": 8,
    "from_town": 9,
    "to_town": 12
  }
},
{
  "model": "buses.bus",
  "pk": 17,
  "fields": {
    "name": "BR16",
    "travel_time": 11,
    "from_town": 9,
    "to_town": 6
  }
},
{
  "model": "buses.bus",
  "pk": 18,
  "fields": {
    "name": "BR17",
    "travel_time": 56,
    "from_town": 11,
    "to_town": 16
  }
},
{
  "model": "buses.bus",
  "pk": 19,
  "fields": {
    "name": "BR18",
    "travel_time": 38,
    "from_town": 11,
    "to_town": 3
  }
},
{
  "model": "buses.bus",
  "pk": 20,
  "fields": {
    "name": "BR19",
    "travel_time": 27,
    "from_town": 8,
    "to_town": 12
  }
},
{
  "model": "buses.bus",
  "pk": 21,
  "fields": {
    "name": "BR20",
    "travel_time": 72,
    "from_town": 12,
    "to_town": 8
  }
},
{
  "model": "buses.bus",
  "pk": 22,
  "fields": {
    "name": "BR21",
    "travel_time": 34,
    "from_town": 12,
    "to_town": 13
  }
},
{
  "model": "buses.bus",
  "pk": 23,
  "fields": {
    "name": "BR22",
    "travel_time": 21,
    "from_town": 6,
    "to_town": 13
  }
},
{
  "model": "buses.bus",
  "pk": 24,
  "fields": {
    "name": "BR23",
    "travel_time": 24,
    "from_town": 6,
    "to_town": 3
  }
},
{
  "model": "buses.bus",
  "pk": 25,
  "fields": {
    "name": "BR24",
    "travel_time": 27,
    "from_town": 17,
    "to_town": 9
  }
},
{
  "model": "buses.bus",
  "pk": 26,
  "fields": {
    "name": "BR25",
    "travel_time": 34,
    "from_town": 17,
    "to_town": 8
  }
},
{
  "model": "buses.bus",
  "pk": 27,
  "fields": {
    "name": "BR26",
    "travel_time": 43,
    "from_town": 3,
    "to_town": 14
  }
},
{
  "model": "buses.bus",
  "pk": 28,
  "fields": {
    "name": "BR27",
    "travel_time": 36,
    "from_town": 3,
    "to_town": 12
  }
},
{
  "model": "buses.bus",
  "pk": 29,
  "fields": {
    "name": "BR28",
    "travel_time": 53,
    "from_town": 16,
    "to_town": 8
  }
},
{
  "model": "buses.bus",
  "pk": 30,
  "fields": {
    "name": "BR29",
    "travel_time": 34,
    "from_town": 16,
    "to_town": 11
  }
},
{
  "model": "buses.bus",
  "pk": 31,
  "fields": {
    "name": "BR30",
    "travel_time": 41,
    "from_town": 14,
    "to_town": 16
  }
},
{
  "model": "buses.bus",
  "pk": 32,
  "fields": {
    "name": "BR31",
    "travel_time": 33,
    "from_town": 14,
    "to_town": 8
  }
},
{
  "model": "buses.bus",
  "pk": 33,
  "fields": {
    "name": "BR32",
    "travel_time": 11,
    "from_town": 13,
    "to_town": 14
  }
},
{
  "model": "buses.bus",
  "pk": 34,
  "fields": {
    "name": "BR33",
    "travel_time": 16,
    "from_town": 13,
    "to_town": 12
  }
}
]
